City_ID,City,Lat,Lng,Max Temp,Humidity,Cloudiness,Wind Speed,Country,Date
0,north bend,43.4065,-124.2243,15.69,82,100,7.2,US,1685228715
1,albany,42.6001,-73.9662,24.89,39,0,0.39,US,1685228456
2,margaret river,-33.95,115.0667,14.88,71,52,2.06,AU,1685228721
3,yeed,4.55,43.0333,24.77,56,83,6.0,SO,1685228722
4,nemuro,43.3236,145.575,10.87,87,100,6.26,JP,1685228722
5,petropavlovsk-kamchatsky,53.0452,158.6483,8.33,71,75,1.0,RU,1685228722
6,al kharijah,25.4514,30.5464,26.51,37,99,8.24,EG,1685228722
7,pamandzi,-12.7967,45.2794,23.88,88,0,2.57,YT,1685228506
8,weno,7.4515,151.8468,29.97,79,75,3.6,FM,1685228511
9,ilulissat,69.2167,-51.1,-5.56,80,72,5.37,GL,1685228723
10,new richmond,45.123,-92.5366,27.69,34,0,4.63,US,1685228723
11,baiti,13.745,-14.7482,36.61,22,92,2.7,SN,1685228723
12,inongo,-1.95,18.2667,21.31,98,100,2.38,CD,1685228723
13,port mathurin,-19.6833,63.4167,25.42,72,99,8.93,MU,1685228723
14,hermanus,-34.4187,19.2345,8.22,56,63,1.61,ZA,1685228723
15,tiksi,71.6872,128.8694,2.27,97,100,6.01,RU,1685228723
16,aktau,43.65,51.2,18.32,73,0,5.06,KZ,1685228724
17,talnakh,69.4865,88.3972,5.67,81,58,4.7,RU,1685228724
18,port-aux-francais,-49.35,70.2167,4.94,87,100,14.57,TF,1685228724
19,laojunmiao,39.8333,97.7333,11.25,40,100,3.39,CN,1685228724
20,cho dok,10.7,105.1167,26.29,87,100,2.34,VN,1685228724
21,chonchi,-42.6128,-73.8092,3.56,90,76,1.09,CL,1685228556
22,thompson,55.7435,-97.8558,19.09,48,40,1.03,CA,1685228722
23,fale old settlement,-9.3852,-171.2468,28.75,76,32,5.33,TK,1685228725
24,grytviken,-54.2811,-36.5092,0.27,81,93,6.4,GS,1685228725
25,punta arenas,-53.15,-70.9167,5.06,75,75,8.23,CL,1685228432
26,adamstown,-25.066,-130.1015,22.95,73,30,10.6,PN,1685228726
27,kalifornsky,60.4183,-151.29,10.71,66,0,7.2,US,1685228726
28,vilyuchinsk,52.9306,158.4028,9.15,72,98,1.37,RU,1685228726
29,puerto ayora,-0.7393,-90.3518,29.98,92,71,4.02,EC,1685228727
30,blackmans bay,-43.0167,147.3167,10.41,88,100,1.3,AU,1685228727
31,yellowknife,62.456,-114.3525,21.29,26,40,5.14,CA,1685228582
32,sitka,57.0531,-135.33,7.79,90,100,3.14,US,1685228728
33,forster,-32.1667,152.5167,12.43,64,0,2.67,AU,1685228728
34,chistopol',55.3631,50.6424,17.74,72,97,3.12,RU,1685228729
35,kijang,35.2442,129.2139,20.85,90,100,4.69,KR,1685228729
36,bethel,41.3712,-73.414,23.35,43,0,4.12,US,1685228729
37,langtoucun,40.0261,124.3286,15.41,93,100,2.44,CN,1685228729
38,al kharj,24.155,47.3346,30.89,27,0,5.51,SA,1685228730
39,yeppoon,-23.1333,150.7333,13.88,46,0,2.57,AU,1685228730
40,edinburgh of the seven seas,-37.0676,-12.3116,12.39,53,44,1.7,SH,1685228730
41,jamestown,42.097,-79.2353,21.8,37,0,4.63,US,1685228730
42,waitangi,-43.9535,-176.5597,16.01,92,69,0.89,NZ,1685228731
43,moss vale,-34.55,150.3833,7.78,61,36,3.99,AU,1685228731
44,atafu village,-8.5421,-172.5159,29.24,71,16,5.89,TK,1685228731
45,yangjiang,21.85,111.9667,26.25,89,5,2.41,CN,1685228731
46,west island,-12.1568,96.8225,25.99,83,12,2.06,CC,1685228732
47,kruisfontein,-34.0033,24.7314,11.04,35,0,2.4,ZA,1685228732
48,ashmyany,54.425,25.9378,8.0,62,47,2.18,BY,1685228734
49,colon,9.3592,-79.9014,26.64,82,99,1.34,PA,1685228734
50,ascension,30.2169,-90.9001,29.12,52,75,2.57,US,1685228734
51,cabedelo,-6.9811,-34.8339,26.37,83,2,4.31,BR,1685228702
52,dudinka,69.4058,86.1778,5.9,80,35,7.39,RU,1685228575
53,mumbwa,-14.9783,27.0619,14.46,52,3,2.9,ZM,1685228736
54,cabo san lucas,22.8909,-109.9124,32.01,53,20,6.69,MX,1685228543
55,olonkinbyen,70.9221,-8.7187,-0.6,72,44,6.22,SJ,1685228737
56,paita,-5.0892,-81.1144,24.59,77,76,8.18,PE,1685228737
57,geraldton,-28.7667,114.6,6.23,75,100,3.09,AU,1685228597
58,aleg,17.0481,-13.9209,32.69,32,100,7.18,MR,1685228737
59,cururupu,-1.8283,-44.8683,24.03,94,29,1.18,BR,1685228738
60,zhaotong,27.3167,103.7167,16.83,80,84,0.89,CN,1685228738
61,peruibe,-24.32,-46.9983,21.25,80,44,2.08,BR,1685228738
62,whitehorse,60.7161,-135.0538,8.94,61,100,7.72,CA,1685228499
63,utrik,11.2278,169.8474,27.15,78,100,6.63,MH,1685228739
64,san patricio,28.017,-97.5169,30.4,52,49,6.06,US,1685228739
65,puerto natales,-51.7236,-72.4875,1.2,86,97,2.85,CL,1685228591
66,badger,64.8,-147.5333,19.44,30,20,2.57,US,1685228739
67,kurumkan,54.3,110.3,9.29,64,100,0.63,RU,1685228739
68,cyangugu,-2.4846,28.9075,14.83,94,72,0.65,RW,1685228740
69,keflavik,64.0049,-22.5624,6.95,75,75,8.23,IS,1685228740
70,arraial do cabo,-22.9661,-42.0278,22.57,91,8,6.18,BR,1685228740
71,carauari,-4.8828,-66.8958,24.41,96,52,0.47,BR,1685228726
72,marquette,46.5333,-87.6335,24.69,33,8,0.89,US,1685228740
73,iqaluit,63.7506,-68.5145,-3.15,68,75,3.6,CA,1685228736
74,isafjordur,66.0755,-23.124,4.92,82,32,5.69,IS,1685228740
75,arth,47.0634,8.5235,17.27,77,0,2.06,CH,1685228741
76,peace river,56.2501,-117.286,26.17,29,20,5.14,CA,1685228741
77,ternate,0.8,127.4,27.59,75,100,3.79,ID,1685228741
78,invercargill,-46.4,168.35,9.88,70,99,2.69,NZ,1685228741
79,radziejow,52.6248,18.5277,7.68,73,16,2.82,PL,1685228741
80,mount gambier,-37.8333,140.7667,11.46,86,100,3.69,AU,1685228741
81,yekaterinoslavka,50.3734,129.1139,8.87,82,77,5.54,RU,1685228741
82,marsh harbour,26.5412,-77.0636,27.85,66,3,2.69,BS,1685228742
83,manukan,8.5333,123.1,27.27,84,80,3.71,PH,1685228742
84,afaahiti,-17.75,-149.2833,28.93,76,38,8.71,PF,1685228742
85,papatowai,-46.5619,169.4708,10.98,67,97,3.15,NZ,1685228742
86,medicine hat,50.0501,-110.6683,17.55,72,100,8.23,CA,1685228720
87,xai-xai,-25.0519,33.6442,18.86,85,98,3.07,MZ,1685228743
88,lospalos,-8.5186,127.0025,22.17,81,74,3.38,TL,1685228743
89,kununurra,-15.7667,128.7333,12.99,62,44,1.03,AU,1685228674
90,"laikit, laikit ii (dimembe)",1.4792,124.9735,23.47,88,20,1.54,ID,1685228743
91,mccook,40.2019,-100.6257,24.25,58,20,8.23,US,1685228743
92,paracuru,-3.41,-39.0306,27.28,81,33,4.34,BR,1685228743
93,petrolina,-9.3986,-40.5008,26.03,73,75,3.09,BR,1685228744
94,kristiansund,63.1115,7.732,9.36,61,75,8.75,NO,1685228744
95,minas de marcona,-15.2119,-75.1103,15.95,83,85,5.24,PE,1685228744
96,georgetown,5.4112,100.3354,26.96,85,40,2.57,MY,1685228544
97,radhanpur,23.8333,71.6,28.25,76,21,5.98,IN,1685228744
98,kaoma,-14.7833,24.8,13.44,47,0,2.76,ZM,1685228540
99,waddan,29.1614,16.139,20.71,47,0,2.98,LY,1685228745
100,codrington,-38.2667,141.9667,12.87,86,100,5.33,AU,1685228745
101,kodiak,57.79,-152.4072,6.42,94,100,3.09,US,1685228497
102,montes claros,-16.735,-43.8617,23.88,46,0,2.06,BR,1685228642
103,tazovsky,67.4667,78.7,10.65,61,31,6.76,RU,1685228745
104,anadyr,64.75,177.4833,4.28,69,0,3.0,RU,1685228745
105,biltine,14.5333,20.9167,33.13,32,8,1.64,TD,1685228745
106,hawaiian paradise park,19.5933,-154.9731,27.73,71,40,4.12,US,1685228746
107,howrah,22.5892,88.3103,27.0,94,40,1.54,IN,1685228746
108,hrodna,53.6884,23.8258,6.72,71,81,2.02,BY,1685228746
109,port lincoln,-34.7333,135.8667,15.48,78,10,7.42,AU,1685228746
110,lumut,4.2323,100.6298,25.01,88,20,0.0,MY,1685228746
111,pemba,-12.974,40.5178,24.01,78,20,3.13,MZ,1685228747
112,dashitou,43.3067,128.5114,16.94,64,94,2.28,CN,1685228747
113,touros,-5.1989,-35.4608,26.1,82,12,5.63,BR,1685228618
114,ovalle,-30.5983,-71.2003,19.19,42,3,1.19,CL,1685228538
115,longyearbyen,78.2186,15.6401,-2.09,54,0,2.57,SJ,1685228747
116,bilibino,68.0546,166.4372,6.86,47,24,7.3,RU,1685228747
117,kiunga,-6.1219,141.2906,23.37,97,100,0.77,PG,1685228747
118,hithadhoo,-0.6,73.0833,28.39,72,100,1.86,MV,1685228747
119,new plymouth,-39.0667,174.0833,18.23,92,88,0.45,NZ,1685228627
120,ushuaia,-54.8,-68.3,5.81,75,75,10.8,AR,1685228502
121,port elizabeth,-33.918,25.5701,13.51,55,0,2.57,ZA,1685228748
122,daru,-9.0763,143.2092,26.15,80,99,5.02,PG,1685228748
123,chibougamau,49.9168,-74.3659,28.79,26,40,6.17,CA,1685228748
124,bredasdorp,-34.5322,20.0403,9.22,78,28,1.68,ZA,1685228748
125,vorkuta,67.5,64.0,10.18,92,100,2.77,RU,1685228748
126,luderitz,-26.6481,15.1594,10.98,78,0,0.83,NA,1685228748
127,sully-sur-loire,47.7637,2.3724,17.2,78,71,2.93,FR,1685228749
128,lompoc,34.6391,-120.4579,23.16,80,100,4.12,US,1685228749
129,nhamunda,-2.1861,-56.7131,26.66,79,64,1.22,BR,1685228749
130,labytnangi,66.6572,66.4183,10.18,78,100,6.22,RU,1685228749
131,tocantins,-10.5,-48.0,25.16,53,71,1.26,BR,1685228749
132,rongelap,11.1635,166.8941,27.58,78,100,7.18,MH,1685228749
133,east london,-33.0153,27.9116,15.25,38,0,2.81,ZA,1685228749
134,lebu,-37.6167,-73.65,8.3,80,81,5.64,CL,1685228749
135,wailua homesteads,22.0669,-159.378,26.44,74,0,4.63,US,1685228750
136,kailua-kona,19.6406,-155.9956,27.98,77,0,5.14,US,1685228750
137,uglegorsk,49.0833,142.0333,11.28,75,85,4.06,RU,1685228750
138,nadym,65.5333,72.5167,14.05,82,98,7.49,RU,1685228750
139,argostolion,38.1811,20.489,19.5,75,66,1.06,GR,1685228750
140,belmonte,-15.8631,-38.8828,22.97,87,8,3.58,BR,1685228672
141,straldzha,42.6,26.6833,14.0,94,47,3.36,BG,1685228750
142,st. john's,47.5649,-52.7093,7.66,88,75,6.17,CA,1685228596
143,ingeniero guillermo n. juarez,-23.9,-61.85,17.72,89,100,8.01,AR,1685228751
144,shimoda,34.6667,138.95,22.28,68,62,2.75,JP,1685228751
145,brisas de zicatela,15.8369,-97.0419,31.29,70,75,3.6,MX,1685228751
146,nagqu,31.5,92.0,1.27,80,98,1.37,CN,1685228751
147,polyarnyy,69.1989,33.4478,5.94,55,32,5.38,RU,1685228751
148,dunedin,-45.8742,170.5036,12.11,70,75,2.68,NZ,1685228617
149,eyl,7.9803,49.8164,27.27,82,58,6.7,SO,1685228752
150,dul'durga,50.6761,113.5931,9.35,47,99,1.08,RU,1685228752
151,khromtau,50.2503,58.4347,17.06,41,55,3.21,KZ,1685228752
152,iskateley,67.6803,53.1512,7.38,73,87,2.86,RU,1685228752
153,ribeira grande,38.5167,-28.7,17.65,82,85,6.26,PT,1685228752
154,timaru,-44.4,171.25,13.17,66,99,1.86,NZ,1685228661
155,minot,48.2325,-101.2963,25.12,57,0,6.17,US,1685228672
156,severo-yeniseyskiy,60.3725,93.0408,3.6,78,44,1.75,RU,1685228753
157,zheleznodorozhnyy,55.7503,38.0042,11.75,67,37,4.53,RU,1685228758
158,aasiaat,68.7098,-52.8699,-4.58,70,96,5.69,GL,1685228608
159,bel ombre,-4.6167,55.4167,27.91,74,40,6.17,SC,1685228758
160,newman,37.3138,-121.0208,30.03,29,0,1.79,US,1685228758
161,tsiombe,-25.3,45.4833,19.76,91,100,2.0,MG,1685228758
162,carnarvon,-24.8667,113.6333,19.6,31,100,6.05,AU,1685228759
163,goris,41.9842,44.1158,14.11,78,72,0.6,GE,1685228759
164,dryden,49.7833,-92.7503,28.16,18,0,6.69,CA,1685228759
165,chapada dos guimaraes,-15.4606,-55.7497,22.81,49,38,2.05,BR,1685228759
166,suratgarh,29.3167,73.9,29.02,51,3,4.48,IN,1685228759
167,desnogorsk,54.1508,33.2815,7.14,67,5,3.7,RU,1685228759
168,ciudad lazaro cardenas,17.9583,-102.2,30.63,60,1,3.86,MX,1685228759
169,tangalle,6.024,80.7911,26.31,86,8,5.32,LK,1685228759
170,port alfred,-33.5906,26.891,15.88,40,0,3.67,ZA,1685228760
171,stanley,54.868,-1.6985,12.16,85,20,2.06,GB,1685228760
172,ust-nera,64.5667,143.2,8.28,56,16,0.51,RU,1685228760
173,lihue,21.9789,-159.3672,26.77,68,0,4.63,US,1685228760
174,bakanas,44.8081,76.2772,15.45,63,15,1.47,KZ,1685228760
175,dwarka,22.2394,68.9678,27.9,88,15,7.63,IN,1685228760
176,pupiales,0.8714,-77.6403,16.08,67,20,4.12,CO,1685228761
177,verdal,63.7933,11.4817,9.02,81,100,6.06,NO,1685228761
178,barra do corda,-5.5,-45.25,24.37,87,60,0.85,BR,1685228617
179,bodo,67.28,14.405,7.19,92,75,3.6,NO,1685228619
180,sinop,41.7711,34.8709,13.49,90,68,2.28,TR,1685228761
181,klyuchi,52.2667,79.1667,7.73,54,29,3.87,RU,1685228761
182,vallenar,-28.5708,-70.7581,18.26,39,38,0.78,CL,1685228521
183,itatiaia,-22.4961,-44.5633,19.49,75,41,0.86,BR,1685228572
184,chabahar,25.2919,60.643,30.6,67,0,7.43,IR,1685228762
185,cestos city,5.46,-9.5828,27.19,83,86,3.2,LR,1685228763
186,xining,36.6167,101.7667,8.37,88,100,1.65,CN,1685228764
187,saudarkrokur,65.7461,-19.6394,3.92,80,14,7.76,IS,1685228527
188,vernon,50.2581,-119.2691,29.86,30,72,1.79,CA,1685228466
189,axim,4.8699,-2.2405,26.19,88,100,2.22,GH,1685228765
190,enewetak,11.3474,162.3373,27.52,80,100,7.13,MH,1685228765
191,ambodifotatra,-16.9833,49.85,25.59,73,46,5.54,MG,1685228766
192,saipan,15.1355,145.701,29.39,100,40,7.72,MP,1685228767
193,vila franca do campo,37.7167,-25.4333,17.23,83,82,4.14,PT,1685228767
194,arawa,-6.2132,155.5367,29.45,71,51,0.98,PG,1685228767
195,al qubbah,32.7616,22.2424,14.28,91,21,8.63,LY,1685228768
196,tulum,20.2167,-87.4667,28.13,65,87,3.07,MX,1685228769
197,buala,-8.145,159.5921,28.75,76,25,2.74,SB,1685228769
198,kourou,5.1552,-52.6478,25.03,88,91,2.1,GF,1685228769
199,kerikeri,-35.2268,173.9474,18.28,88,38,1.34,NZ,1685228769
200,college,64.8569,-147.8028,19.49,32,40,2.57,US,1685228666
201,suoyarvi,62.0833,32.35,5.08,61,4,1.45,RU,1685228770
202,puerto lempira,15.2667,-83.7667,29.49,65,88,5.07,HN,1685228771
203,kurchatov,51.6601,35.6521,14.23,87,89,5.46,RU,1685228771
204,mermoz boabab,14.7065,-17.4758,27.31,83,0,7.2,SN,1685228771
205,san martin,-33.081,-68.4681,8.3,35,47,2.76,AR,1685228772
206,siracusa,37.0881,15.2792,17.65,81,8,3.28,IT,1685228557
207,laguna,38.421,-121.4238,28.43,49,0,3.6,US,1685228773
208,chanal,16.7167,-92.4,19.96,51,73,1.85,MX,1685228773
209,waingapu,-9.6567,120.2641,23.51,78,8,3.37,ID,1685228773
210,boyolangu,-8.1181,111.8935,22.72,86,84,1.95,ID,1685228774
211,selfoss,63.9331,-20.9971,5.02,81,81,5.05,IS,1685228775
212,kovdor,67.5662,30.4758,3.45,57,33,3.66,RU,1685228775
213,saint-francois,46.4154,3.9054,15.38,82,0,0.51,FR,1685228530
214,rota,36.6224,-6.3586,19.07,82,20,3.09,ES,1685228776
215,lencois paulista,-22.5986,-48.8003,25.27,66,9,1.41,BR,1685228777
216,saint-louis du nord,19.9333,-72.7167,28.94,73,51,1.97,HT,1685228778
217,merizo village,13.2658,144.6691,26.85,82,100,6.7,GU,1685228778
218,pacific grove,36.6177,-121.9166,21.23,77,0,5.14,US,1685228779
219,bereznik,62.8551,42.7072,9.05,57,99,3.27,RU,1685228779
220,fonte boa,-2.4959,-66.2662,24.29,96,78,0.52,BR,1685228780
221,new norfolk,-42.7826,147.0587,11.07,67,91,0.45,AU,1685228780
222,colares,38.7992,-9.4469,18.2,84,14,4.47,PT,1685228781
223,raja,8.4596,25.678,22.98,82,100,2.5,SS,1685228783
224,guamuchil,25.4667,-108.1,33.15,19,4,5.5,MX,1685228783
225,rio grande,-32.035,-52.0986,15.06,65,36,7.86,BR,1685228785
226,kalmunai,7.4167,81.8167,27.17,81,11,1.24,LK,1685228785
227,lerwick,60.1545,-1.1494,9.0,73,14,8.34,GB,1685228786
228,pandan,14.0453,124.1694,28.2,80,99,9.58,PH,1685228787
229,floro,61.5996,5.0328,7.98,81,100,12.35,NO,1685228787
230,de queen,34.0379,-94.3413,27.88,30,48,3.09,US,1685228791
231,san julian,21.0167,-102.1667,28.66,22,59,4.36,MX,1685228791
232,papao,-17.75,-149.55,29.82,75,4,9.98,PF,1685228791
233,manavalakurichi,8.1333,77.3,27.62,72,82,5.51,IN,1685228792
234,florence,43.7667,11.25,19.29,59,0,1.03,IT,1685228617
235,kawambwa,-9.7915,29.0791,14.69,63,20,2.99,ZM,1685228792
236,ta`u,-14.2336,-169.5144,28.13,76,71,4.88,AS,1685228793
237,qaqortoq,60.7167,-46.0333,3.18,69,100,2.45,GL,1685228794
238,samara,53.0,50.0,19.29,55,100,2.63,RU,1685228794
239,plettenberg bay,-34.0527,23.3716,13.2,44,0,2.03,ZA,1685228795
240,avarua,-21.2078,-159.775,26.03,83,75,6.69,CK,1685228795
241,coquimbo,-29.9533,-71.3436,14.85,88,0,1.03,CL,1685228795
242,haiku-pauwela,20.9219,-156.3051,27.01,54,40,8.75,US,1685228795
243,egilsstadir,65.2653,-14.3948,5.95,42,0,0.51,IS,1685228796
244,ola,59.5833,151.2833,10.0,54,57,3.29,RU,1685228796
245,santa helena,-2.2311,-45.3,23.68,97,58,0.74,BR,1685228796
246,kapuskasing,49.4169,-82.4331,31.0,19,0,7.72,CA,1685228751
247,murzuq,25.9155,13.9184,22.42,32,0,3.64,LY,1685228797
248,magistral'nyy,56.1725,107.4458,7.92,56,93,0.99,RU,1685228798
249,tuskegee,32.424,-85.6916,25.61,33,0,1.34,US,1685228798
250,acapulco de juarez,16.8634,-99.8901,31.12,62,33,3.35,MX,1685228520
251,erbendorf,49.8403,12.0447,8.78,75,0,0.0,DE,1685228798
252,punta del este,-34.9667,-54.95,12.76,61,75,6.26,UY,1685228800
253,karratha,-20.7377,116.8463,18.45,33,44,7.65,AU,1685228800
254,saurimo,-9.6608,20.3916,17.43,42,12,2.23,AO,1685228801
255,kone,-21.0595,164.8658,24.67,53,0,1.53,NC,1685228801
256,vila velha,-20.3297,-40.2925,21.64,94,0,1.54,BR,1685228802
257,hamilton,39.1834,-84.5333,23.43,42,0,4.12,US,1685228803
258,twon-brass,4.3151,6.2418,26.59,81,99,5.35,NG,1685228803
259,atoyac de alvarez,17.2,-100.4333,32.07,57,50,3.18,MX,1685228803
260,urucara,-2.5364,-57.76,26.4,77,97,1.07,BR,1685228804
261,san antonio de pale,-1.4014,5.6325,26.2,80,100,7.04,GQ,1685228805
262,chazuta,-6.5742,-76.1367,28.47,93,92,0.68,PE,1685228805
263,harper,4.375,-7.7169,26.52,87,100,3.21,LR,1685228806
264,holualoa,19.6228,-155.9522,25.91,78,0,5.14,US,1685228806
265,myaydo,19.3667,95.2167,26.36,72,9,1.14,MM,1685228806
266,clyde,41.3042,-82.9752,21.21,50,100,3.69,US,1685228806
267,camana,-16.6228,-72.7111,19.96,86,100,3.83,PE,1685228807
268,morondava,-20.2833,44.2833,22.14,65,64,2.86,MG,1685228807
269,tarauaca,-8.1614,-70.7656,24.07,96,99,0.29,BR,1685228807
270,remire-montjoly,4.9167,-52.2667,25.02,94,0,0.51,GF,1685228807
271,lewistown,40.5992,-77.5714,24.41,58,84,2.41,US,1685228808
272,priozersk,61.0393,30.1291,7.27,81,5,2.16,RU,1685228808
273,bakchar,57.0186,82.0711,8.04,54,94,1.91,RU,1685228808
274,preobrazheniye,42.9019,133.9064,14.52,85,99,3.92,RU,1685228808
275,tanabi,-20.6264,-49.6492,26.12,56,20,0.45,BR,1685228659
276,aykhal,66.0,111.5,6.74,86,89,2.48,RU,1685228809
277,santa marta de ortigueira,43.6833,-7.85,17.36,82,98,3.83,ES,1685228809
278,dhrangadhra,22.9833,71.4667,27.89,77,46,6.49,IN,1685228809
279,berezovo,63.9381,65.0419,17.38,77,99,4.47,RU,1685228809
280,kutahya,39.4242,29.9833,11.95,93,96,1.97,TR,1685228809
281,nema,57.5067,50.5011,16.16,98,99,2.49,RU,1685228810
282,okondja,-0.6549,13.6753,23.32,95,100,1.07,GA,1685228810
283,gulf shores,30.246,-87.7008,29.63,59,0,1.79,US,1685228810
284,taguatinga,-12.3857,-46.5711,26.75,42,75,1.81,BR,1685228810
285,bujaru,-1.515,-48.0447,23.49,99,99,1.13,BR,1685228695
286,gelemso,8.8167,40.5167,15.71,90,85,3.97,ET,1685228810
287,semnan,35.5729,53.3971,22.35,38,1,3.3,IR,1685228811
288,az zuwaytinah,30.9522,20.1202,19.54,79,1,5.49,LY,1685228811
289,ancud,-41.8697,-73.8203,5.34,81,64,2.62,CL,1685228811
290,fort bragg,35.139,-79.006,16.22,96,100,6.69,US,1685228811
291,crane,31.3974,-102.3501,27.15,48,89,10.1,US,1685228811
292,chokwe,-24.5333,32.9833,18.54,93,100,1.46,MZ,1685228812
293,richards bay,-28.783,32.0377,19.71,82,16,4.79,ZA,1685228812
294,del rio,29.3627,-100.8968,31.01,50,100,3.58,US,1685228599
295,mahroni,24.5862,78.7288,28.37,47,0,2.09,IN,1685228812
296,cubuk,40.2386,33.0322,15.7,67,75,2.06,TR,1685228812
297,grand falls-windsor,48.9332,-55.6649,5.03,92,100,5.6,CA,1685228812
298,levuka,50.1834,-105.4011,18.98,77,100,2.93,CA,1685228813
299,ozerne,50.1782,28.7338,10.59,79,7,4.64,UA,1685228813
300,takehara,34.3383,132.9167,18.98,86,100,1.08,JP,1685228813
301,prince rupert,54.3161,-130.3201,11.05,68,75,3.6,CA,1685228731
302,fiche,9.8,38.7333,12.57,72,75,1.18,ET,1685228813
303,tonj,7.2737,28.6822,26.24,62,80,1.83,SS,1685228813
304,sao joao da barra,-21.6403,-41.0511,21.05,86,21,3.71,BR,1685228813
305,uturoa,-16.7333,-151.4333,27.74,70,37,9.52,PF,1685228814
306,wellington,-41.2866,174.7756,16.7,78,40,4.12,NZ,1685228658
307,spring creek,40.7266,-115.5859,20.49,31,82,3.66,US,1685228639
308,walvis bay,-22.9575,14.5053,13.38,86,4,1.42,NA,1685228814
309,makoua,0.0069,15.6333,23.73,96,100,1.25,CG,1685228814
310,angaur state,6.906,134.13,28.81,79,100,10.39,PW,1685228814
311,yorkton,51.2167,-102.4677,18.91,72,75,5.14,CA,1685228695
312,bhadarwah,32.9833,75.7167,11.07,82,2,1.12,IN,1685228814
313,qusmuryn,52.4503,64.6311,16.44,47,45,0.32,KZ,1685228815
314,kalabo,-14.97,22.6814,15.52,35,0,1.58,ZM,1685228815
315,vorgashor,67.5833,63.95,9.66,89,100,2.56,RU,1685228815
316,khandyga,62.6667,135.6,10.82,65,31,1.36,RU,1685228815
317,santa lucia,27.9117,-15.5407,15.98,68,20,1.54,ES,1685228815
318,santa elena de uairen,4.6167,-61.1333,21.0,91,71,1.4,VE,1685228815
319,port isabel,26.0734,-97.2086,30.02,66,0,6.17,US,1685228640
320,mossel bay,-34.1831,22.146,14.49,56,0,2.07,ZA,1685228816
321,grand baie,-20.0182,57.5802,22.47,82,30,0.89,MU,1685228816
322,tam ky,15.5667,108.4833,25.45,88,33,1.26,VN,1685228816
323,dzerzhinsk,56.2389,43.4631,15.9,100,40,2.0,RU,1685228816
324,menongue,-14.6585,17.691,18.29,48,84,0.9,AO,1685228816
325,tura,25.5198,90.2201,20.75,84,1,1.11,IN,1685228622
326,hadibu,12.65,54.0333,29.61,72,34,4.15,YE,1685228816
327,berdigestyakh,62.0989,126.6992,8.19,47,19,3.1,RU,1685228816
328,awjilah,29.1081,21.2869,19.13,68,42,7.28,LY,1685228817
329,cockburn town,21.4612,-71.1419,27.73,86,41,5.81,TC,1685228817
330,as sulayyil,20.4607,45.5779,29.14,30,95,1.69,SA,1685228817
331,iskushuban,10.2837,50.23,28.56,62,81,4.6,SO,1685228817
332,ariquemes,-9.9133,-63.0408,25.37,81,92,1.02,BR,1685228817
333,fort st. john,56.2499,-120.8529,22.94,25,20,8.23,CA,1685228535
334,masterton,-40.9597,175.6575,17.71,66,67,1.1,NZ,1685228817
335,guajara,-2.9667,-57.6667,27.07,75,99,1.26,BR,1685228818
336,saynshand,44.8824,110.1163,13.56,40,15,6.1,MN,1685228818
337,hilo,19.7297,-155.09,28.49,69,40,4.12,US,1685228675
338,luganville,-15.5333,167.1667,26.5,62,2,0.82,VU,1685228818
339,brive-la-gaillarde,45.25,1.5,17.93,25,44,1.38,FR,1685228818
340,udachny,66.4167,112.4,9.11,76,94,3.65,RU,1685228818
341,mili,6.0815,171.735,28.08,78,95,6.38,MH,1685228818
342,zwonitz,50.6333,12.8,9.34,88,0,1.87,DE,1685228818
343,novyy turtkul',41.55,61.0167,18.95,19,83,5.38,UZ,1685228819
344,manta,-0.95,-80.7333,27.88,74,20,5.14,EC,1685228697
345,tidjikja,18.5564,-11.4271,29.86,37,95,7.24,MR,1685228548
346,new kingman-butler,35.265,-114.0323,29.87,7,0,4.63,US,1685228819
347,nar'yan-mar,67.6713,53.087,7.35,73,87,2.86,RU,1685228819
348,obera,-27.4871,-55.1199,18.99,98,100,2.56,AR,1685228819
349,oodweyne,9.4092,45.064,22.9,69,91,4.41,SO,1685228819
350,nova sintra,14.8667,-24.7167,21.19,84,52,6.54,CV,1685228820
351,kirovskiy,45.0917,133.5136,15.41,90,100,3.64,RU,1685228820
352,constantia,44.1833,28.65,16.5,92,24,3.4,RO,1685228820
353,puerto quijarro,-17.7833,-57.7667,27.58,51,50,1.32,BO,1685228820
354,porto novo,6.4965,2.6036,26.8,84,100,2.41,BJ,1685228820
355,pangody,65.85,74.4859,13.64,74,36,6.91,RU,1685228820
356,port douglas,-16.4833,145.4667,22.44,71,58,3.06,AU,1685228811
357,howard springs,-12.497,131.047,19.9,40,33,4.49,AU,1685228820
358,chifeng,42.2683,118.9636,18.76,59,95,3.14,CN,1685228821
359,el granada,37.5027,-122.4694,24.96,74,75,8.75,US,1685228821
360,flin flon,54.7682,-101.865,20.64,42,75,3.37,CA,1685228821
361,cova figueira,14.8905,-24.2934,21.43,83,71,5.99,CV,1685228821
362,kazerun,29.6195,51.6541,24.21,28,14,1.35,IR,1685228822
363,queenstown,-31.8976,26.8753,7.9,34,0,2.09,ZA,1685228822
364,sibay,52.7181,58.6658,16.8,54,32,1.77,RU,1685228823
365,pemangkat,1.1667,108.9667,26.43,87,98,2.87,ID,1685228823
366,freeport,40.6576,-73.5832,22.21,59,0,5.14,US,1685228823
367,bereeda,11.8704,51.0579,29.74,74,30,2.53,SO,1685228824
368,vadso,70.0744,29.7487,4.49,75,98,1.54,NO,1685228597
369,tucuma,-0.1833,-50.05,25.03,91,79,2.17,BR,1685228824
370,pizarro,4.9533,-77.366,27.71,82,67,3.4,CO,1685228825
371,dinajpur,25.6272,88.6386,24.78,76,5,2.72,BD,1685228825
372,port hedland,-20.3167,118.5667,18.03,25,42,5.14,AU,1685228826
373,san pedro pochutla,15.7333,-96.4667,33.73,58,76,1.61,MX,1685228826
374,la passe,45.5549,-0.8967,21.13,89,5,3.61,FR,1685228826
375,shihezi,44.3,86.0333,17.85,37,96,3.26,CN,1685228827
376,bonthe,7.5264,-12.505,26.35,90,100,4.38,SL,1685228827
377,viedma,-40.8135,-62.9967,5.18,42,9,2.15,AR,1685228827
378,ballina,-28.8667,153.5667,14.88,75,11,2.76,AU,1685228659
379,fortuna,40.5982,-124.1573,15.92,89,100,5.66,US,1685228829
380,si bun rueang,16.9667,102.2833,25.94,82,58,0.72,TH,1685228829
381,miles city,46.4083,-105.8406,26.54,41,0,1.54,US,1685228829
382,al quwayrah,29.8004,35.3116,18.0,57,80,1.28,JO,1685228830
383,caleta de carquin,-11.0925,-77.6267,22.17,82,72,3.82,PE,1685228830
384,piti village,13.4626,144.6933,27.6,81,100,6.82,GU,1685228830
385,opuwo,-18.0607,13.84,17.53,52,22,0.9,NA,1685228831
386,tralee,52.2704,-9.7026,10.58,94,34,0.92,IE,1685228832
387,port-vila,-17.7338,168.3219,26.34,51,0,1.37,VU,1685228832
388,anatuya,-28.4606,-62.8347,15.22,53,86,6.34,AR,1685228832
389,sotik post,-0.7813,35.3416,13.54,76,62,3.64,KE,1685228832
390,mil'kovo,55.6078,37.7956,11.73,64,35,5.06,RU,1685228833
391,hotan,37.0997,79.9269,14.42,54,28,2.43,CN,1685228833
392,shortandy,51.7006,70.9994,11.38,43,73,2.42,KZ,1685228833
393,las lomas,8.4333,-82.4,29.67,81,20,4.12,PA,1685228834
394,santo antonio do ica,-3.1022,-67.9397,24.4,96,70,0.78,BR,1685228834
395,zhangye,38.9342,100.4517,16.41,41,100,1.68,CN,1685228834
396,sandnessjoen,66.0217,12.6316,8.29,89,100,3.13,NO,1685228597
397,rancho murieta,38.5019,-121.0947,29.31,52,0,3.6,US,1685228835
398,santiago de cao,-7.9589,-79.2392,23.07,78,75,4.63,PE,1685228835
399,san jose del guaviare,2.5729,-72.6459,23.95,88,99,1.32,CO,1685228836
400,sola,-13.8833,167.55,26.2,65,3,4.07,VU,1685228836
401,sayat,38.7839,63.8803,25.03,17,67,4.74,TM,1685228836
402,lagos,6.5833,3.75,26.47,86,100,1.84,NG,1685228821
403,bardai,11.65,7.2333,27.85,59,100,5.21,NG,1685228837
404,coahuayana de hidalgo,18.7,-103.6583,31.29,56,0,3.19,MX,1685228837
405,jayapura,-2.5333,140.7,25.66,90,100,2.36,ID,1685228837
406,fangshan,39.6983,115.9925,19.52,71,93,0.99,CN,1685228838
407,happy valley-goose bay,53.3168,-60.3315,7.51,60,62,2.9,CA,1685228840
408,vammala,61.3333,22.9,9.14,62,82,4.53,FI,1685228840
409,tazacorte,28.629,-17.9293,20.54,78,75,3.13,ES,1685228840
410,tual,-5.6667,132.75,27.45,75,73,7.41,ID,1685228840
411,la'ie,21.6477,-157.9253,28.98,61,3,2.24,US,1685228841
412,ujae,8.9322,165.7642,28.2,77,98,6.45,MH,1685228841
413,takamatsu,34.3403,134.0433,21.38,81,98,0.7,JP,1685228841
414,cooper's town,26.8667,-77.5167,26.9,67,2,0.51,BS,1685228841
415,flying fish cove,-10.4217,105.6791,25.82,83,75,6.69,CX,1685228842
416,quinchia,5.3396,-75.7302,17.38,94,68,0.84,CO,1685228842
417,cuellar,41.3679,-4.3084,14.97,88,100,2.12,ES,1685228842
418,tabou,4.423,-7.3528,26.32,88,100,2.36,CI,1685228843
419,turi,40.9173,17.0212,17.26,76,2,3.56,IT,1685228843
420,mandalgovi,45.7625,106.2708,6.24,68,0,5.85,MN,1685228844
421,thunder bay,48.4001,-89.3168,26.99,21,0,3.6,CA,1685228730
422,zheshart,62.0731,49.5733,10.71,81,86,2.86,RU,1685228844
423,cloquet,46.7216,-92.4594,26.66,19,0,3.09,US,1685228632
424,saldanha,-33.0117,17.9442,11.83,75,0,1.36,ZA,1685228845
425,northam,51.0333,-4.2167,12.44,77,22,1.39,GB,1685228845
426,dungarpur,23.8333,73.7167,27.39,71,1,5.66,IN,1685228845
427,namibe,-15.1961,12.1522,20.05,72,0,3.53,AO,1685228846
428,ashland,40.8167,-82.2665,23.3,70,97,3.37,US,1685228794
429,yayva,59.3303,57.2641,18.99,77,100,2.88,RU,1685228846
430,olinda,-8.0089,-34.8553,26.85,74,20,2.06,BR,1685228847
431,kolokani,13.5728,-8.0339,32.87,24,96,4.4,ML,1685228847
432,hammerfest,70.6634,23.6821,7.25,65,40,4.63,NO,1685228848
433,aban,56.67,96.06,7.2,80,63,1.89,RU,1685228848
434,upper grand lagoon,30.1633,-85.7408,28.34,41,0,4.12,US,1685228848
435,tamanrasset,22.785,5.5228,25.95,14,0,3.09,DZ,1685228849
436,le vauclin,14.5452,-60.8388,28.03,74,40,5.14,MQ,1685228849
437,zaragoza,41.6561,-0.8773,23.25,48,20,2.06,ES,1685228591
438,olavarria,-36.8927,-60.3225,5.26,57,5,2.75,AR,1685228850
439,mitu,1.1983,-70.1733,22.62,99,98,0.93,CO,1685228850
440,auki,-8.7676,160.7034,28.55,72,58,1.29,SB,1685228851
441,jwaneng,-24.6004,24.7303,14.42,76,8,7.28,BW,1685228851
442,kunnattur,12.35,78.5167,27.23,67,70,1.59,IN,1685228852
443,kavieng,-2.5744,150.7967,28.1,78,43,3.13,PG,1685228852
444,puerto baquerizo moreno,-0.9,-89.6,25.61,84,99,6.06,EC,1685228852
445,kokpekty,48.75,82.4,5.39,55,61,3.05,KZ,1685228852
446,mugia,43.1041,-9.2179,16.62,93,67,1.89,ES,1685228853
447,dawson creek,55.7666,-120.2362,23.16,39,69,4.73,CA,1685228853
448,boende,-0.2167,20.8667,21.94,98,100,1.33,CD,1685228853
449,colonia,50.9333,6.95,15.54,62,0,2.57,DE,1685228566
450,alice springs,-23.7,133.8833,2.75,81,10,0.0,AU,1685228854
451,sirte,31.2089,16.5887,19.26,89,0,4.03,LY,1685228854
452,lu-uk,5.9684,121.3122,26.92,84,99,2.8,PH,1685228854
453,sampit,-2.5333,112.95,23.47,99,87,1.11,ID,1685228855
454,marlin,31.3063,-96.898,28.16,61,93,3.39,US,1685228855
455,juneau,58.3019,-134.4197,8.45,92,100,7.72,US,1685228738
456,suva,-18.1416,178.4415,27.71,89,40,2.57,FJ,1685228856
457,buenaventura,3.8801,-77.0312,26.09,91,50,0.91,CO,1685228675
458,kirensk,57.7853,108.1119,9.77,55,100,1.96,RU,1685228857
459,castillos,-34.1667,-53.8333,10.97,56,77,5.3,UY,1685228857
460,arish,31.1316,33.7984,24.96,48,100,9.43,EG,1685228857
461,reszel,54.0504,21.1458,6.39,83,87,1.52,PL,1685228858
462,peniche,39.3558,-9.3811,17.38,91,96,2.39,PT,1685228858
463,sharypovo,55.5403,89.2008,6.38,80,6,0.29,RU,1685228858
464,essaouira,31.5125,-9.77,18.63,78,1,0.98,MA,1685228859
465,sur,22.5667,59.5289,32.45,55,35,4.73,OM,1685228859
466,yuzhno-kurilsk,44.0306,145.8556,11.52,85,100,2.99,RU,1685228859
467,ende,-8.8432,121.6623,24.29,80,77,1.81,ID,1685228859
468,bamboo flat,11.7,92.7167,28.05,83,40,1.03,IN,1685228860
469,vuktyl,63.8567,57.3094,11.7,96,97,2.4,RU,1685228860
470,adrar,20.5022,-10.0711,26.05,54,98,5.36,MR,1685228860
471,sardarshahr,28.4333,74.4833,28.63,60,0,4.8,IN,1685228861
472,vilyuysk,63.7553,121.6247,6.58,74,100,3.38,RU,1685228861
473,don luan,11.5333,106.9167,24.35,94,100,1.01,VN,1685228862
474,jekulo,-6.8057,110.9262,22.26,86,74,1.7,ID,1685228862
475,kramfors,62.9316,17.7765,7.88,74,100,3.03,SE,1685228862
476,chul'man,56.8479,124.9104,7.75,50,37,2.53,RU,1685228862
477,zaraza,9.3503,-65.3245,27.64,75,96,1.55,VE,1685228862
478,tolanaro,-25.0319,46.9987,21.71,86,100,5.58,MG,1685228868
479,vieste,41.8825,16.175,18.63,81,4,6.4,IT,1685228868
480,uribia,11.7139,-72.266,30.98,62,96,1.53,CO,1685228868
481,qina,26.1642,32.7267,27.13,36,81,6.71,EG,1685228868
482,amungan,15.3652,119.9582,27.54,73,95,1.3,PH,1685228868
483,klaksvik,62.2266,-6.589,5.51,70,22,11.02,FO,1685228868
484,salinopolis,-0.6136,-47.3561,25.58,88,70,4.15,BR,1685228869
485,west salem,43.8991,-91.0813,27.18,21,0,4.63,US,1685228869
486,pingdu,36.7844,119.9464,18.57,93,100,3.58,CN,1685228869
487,vechelde,52.2604,10.3649,12.12,78,1,1.54,DE,1685228869
488,sydney mines,46.2367,-60.2177,13.89,68,0,0.89,CA,1685228869
489,nueve de julio,-35.4444,-60.8831,6.09,61,100,3.01,AR,1685228867
490,hami,42.8,93.45,20.56,18,57,2.85,CN,1685228832
491,buena vista,43.4203,-83.8986,25.16,34,0,5.14,US,1685228790
492,mancio lima,-7.6142,-72.8958,23.8,96,85,0.83,BR,1685228870
493,ankazoabo,-22.2833,44.5167,18.17,68,88,2.23,MG,1685228870
494,vanino,49.0869,140.2543,13.44,68,95,2.17,RU,1685228870
495,laascaanood,8.4774,47.3597,25.95,59,99,5.95,SO,1685228870
496,saquarema,-22.92,-42.5103,20.76,93,17,3.83,BR,1685228870
497,freetown,8.484,-13.2299,27.26,85,100,3.37,SL,1685228870
498,alibag,18.6411,72.8792,30.04,77,3,1.47,IN,1685228871
499,rikaze,29.25,88.8833,5.7,51,0,0.87,CN,1685228871
500,summerlin south,36.1027,-115.3811,31.86,13,18,1.92,US,1685228789
501,talakan,50.3167,130.3667,8.46,91,90,4.01,RU,1685228871
502,bubaque,11.2833,-15.8333,27.28,82,71,7.86,GW,1685228871
503,oulmes,33.4258,-6.0014,12.17,86,99,1.75,MA,1685228797
504,praia da vitoria,38.7333,-27.0667,16.52,84,97,8.52,PT,1685228871
505,usogorsk,63.4106,48.6872,10.06,57,100,2.38,RU,1685228871
506,scarborough,54.2797,-0.4044,12.76,85,99,3.21,GB,1685228633
507,portland,45.5234,-122.6762,24.75,54,40,4.63,US,1685228681
508,jatiroto,-7.8833,111.1167,20.6,90,27,1.79,ID,1685228872
509,bemidji,47.4736,-94.8803,27.05,17,0,6.69,US,1685228593
510,ormara,25.2088,64.6357,27.55,92,0,3.87,PK,1685228872
511,gadzhiyevo,69.2551,33.3362,5.71,54,36,4.96,RU,1685228872
512,princeville,45.7668,-61.2985,14.62,62,0,1.25,CA,1685228872
513,reggane,26.7158,0.1714,32.01,27,100,4.93,DZ,1685228872
514,mugumu,-1.85,34.7,14.93,79,54,3.25,TZ,1685228873
515,vasteras,59.6162,16.5528,12.95,50,97,5.14,SE,1685228873
516,esqueda,30.7167,-109.5833,29.89,13,89,10.01,MX,1685228873
517,asahi,35.7167,140.65,22.88,64,98,4.63,JP,1685228873
518,gubakha,58.8386,57.5532,17.87,68,100,2.74,RU,1685228873
519,novyy oskol,50.7631,37.8691,15.05,92,100,2.64,RU,1685228873
520,achinsk,56.2694,90.4993,7.78,66,93,1.49,RU,1685228873
521,mount pearl,47.5166,-52.7813,7.69,88,75,6.17,CA,1685228874
522,puerto aysen,-45.4,-72.7,0.98,97,92,1.56,CL,1685228874
523,pedro ii,-4.4247,-41.4586,23.92,66,82,1.44,BR,1685228874
524,alofi,-19.0595,-169.9187,26.14,79,3,6.44,NU,1685228874
525,okhotsk,59.3833,143.3,10.44,48,98,4.89,RU,1685228874
526,ipora,-16.4419,-51.1178,23.57,47,46,0.59,BR,1685228854
527,antsohihy,-14.8796,47.9875,21.9,72,0,3.09,MG,1685228874
528,pyt-yakh,60.7499,72.8582,11.94,71,84,2.28,RU,1685228874
529,ibshaway,29.358,30.6814,24.81,41,76,2.34,EG,1685228875
530,ayacucho,-13.1583,-74.2239,16.18,65,98,2.0,PE,1685228875
531,roma,43.2128,-75.4557,23.74,38,0,4.12,US,1685228729
532,zuromin,53.0661,19.9089,7.28,74,79,2.65,PL,1685228747
533,akureyri,65.6835,-18.0878,4.24,72,8,4.41,IS,1685228875
534,bodaybo,57.8506,114.1933,9.47,53,95,0.5,RU,1685228875
535,zaozersk,69.4005,32.4476,5.51,50,37,3.45,RU,1685228875
536,ialibu,-6.2821,143.9935,15.34,94,77,0.55,PG,1685228875
537,mumbai,19.0144,72.8479,29.99,74,40,2.57,IN,1685228582
538,shchuchinsk,52.9333,70.2,12.51,45,99,3.19,KZ,1685228876
539,aljezur,37.3191,-8.8033,15.13,89,0,2.64,PT,1685228876
540,pariaman,-0.619,100.12,24.63,87,87,1.55,ID,1685228876
541,taoudenni,22.6783,-3.9836,31.57,31,81,3.09,ML,1685228876
542,south lake tahoe,38.9332,-119.9844,21.45,40,0,3.6,US,1685228828
543,al jawf,29.5,38.75,21.11,59,100,5.54,SA,1685228876
544,mejit,10.2753,170.8646,27.5,81,100,6.7,MH,1685228876
545,hirara,24.8,125.2833,25.54,90,82,8.19,JP,1685228877
546,wad medani,14.4012,33.5199,28.39,54,79,11.82,SD,1685228877
547,kenai,60.5544,-151.2583,10.57,69,100,7.2,US,1685228877
548,callaway,30.153,-85.5699,27.76,40,0,4.12,US,1685228877
549,tomohon,1.3346,124.8392,20.52,90,81,1.99,ID,1685228877
550,tevriz,57.509,72.4042,10.27,76,79,1.92,RU,1685228877
551,ixtapa,20.7,-105.2,28.57,70,20,5.66,MX,1685228877
552,eirunepe,-6.6603,-69.8736,24.27,97,100,1.06,BR,1685228877
553,acarau,-2.8856,-40.12,26.21,87,16,5.28,BR,1685228878
554,malango,-2.9627,119.9001,20.24,97,54,0.47,ID,1685228878
555,bay roberts,47.5999,-53.2648,8.36,85,99,2.68,CA,1685228878
556,viqueque,-8.8673,126.3658,24.18,79,85,1.03,TL,1685228878
557,saint-joseph,-21.3667,55.6167,22.21,81,54,6.39,RE,1685228878
558,bengkulu,-3.8004,102.2655,23.95,91,73,1.78,ID,1685228878
559,mogocha,53.7333,119.7667,7.46,53,93,1.45,RU,1685228878
560,malpica,43.3228,-8.8105,16.25,78,69,0.89,ES,1685228879
561,guli,28.8833,120.0333,23.61,82,10,1.77,CN,1685228879
562,mujiayingzi,42.1167,118.7833,18.25,60,95,1.9,CN,1685228879
563,quiberon,47.4841,-3.1196,17.82,76,69,7.65,FR,1685228586
564,at taj,24.2049,23.2857,23.1,36,0,7.97,LY,1685228879
565,tefenni,37.3097,29.7754,11.15,81,19,1.97,TR,1685228879
566,mandali,33.7499,45.5541,29.88,15,47,2.9,IQ,1685228879
567,la trinite,14.7376,-60.9629,28.03,39,40,5.14,MQ,1685228880
568,hailar,49.2,119.7,9.35,59,17,3.98,CN,1685228880
